Title, Source, Time
After years without turning a profit| Tesla is now poised to be a powerhouse,CNN.com,· 5 hours ago
California officials capitulate to Elon Musk| allow Tesla plant to reopen,CNN.com,· 10 hours ago
Donald Trump Backs Elon Musk for Reopening Tesla Plant Despite Covid-19 Lockdown,News18,· 18 hours ago
Musk| Texas governor talk about potential Tesla move to Lone Star state - Reuters,Reuters Canada,· 24 hours ago
The Zacks Analyst Blog Highlights: Ford| General Motors| Fiat| Toyota and Tesla,Zacks via Yahoo Finance,· 9 hours ago
Tesla and Elon Musk reopen California facility| defying orders meant to stem coronavirus spread,CNN.com,· 2 days ago
Melinda Gates: Some governors are ‘moving too fast’ to reopen their states,Yahoo Finance,· 1 day ago
Stock market news live updates: Stocks post worst drop in seven sessions; Grubhub spikes on takeover reports,Yahoo Finance,· 1 day ago
Amid lockdown dispute| Musk says he will move Tesla out of California - Reuters,Reuters Canada,· 4 days ago
'F**k Elon Musk': California Lawmaker Loses Chill After Tesla Chief Threatens to Move Factory,News18,· 3 days ago
